coin_name,middle_link
Bitcoin,https://www.allcryptowhitepapers.com/Bitcoin-Whitepaper
Ethereum,https://www.allcryptowhitepapers.com/Ethereum-Whitepaper
Ripple - XRP,https://www.allcryptowhitepapers.com/Ripple-Whitepaper
Bitcoin Cash,https://www.allcryptowhitepapers.com/BitcoinCash-Whitepaper
Litecoin,https://www.allcryptowhitepapers.com/Litecoin-Whitepaper
Tether,https://www.allcryptowhitepapers.com/Tether-Whitepaper
EOS,https://www.allcryptowhitepapers.com/EOS-Whitepaper
Binance Coin,https://www.allcryptowhitepapers.com/BinanceCoin-Whitepaper
Bitcoin Cash SV,https://www.allcryptowhitepapers.com/Bitcoin-Cash-SV-whitepaper/
Monero,https://www.allcryptowhitepapers.com/Monero-Whitepaper
Cardano,https://www.allcryptowhitepapers.com/Cardano-Whitepaper
Stellar,https://www.allcryptowhitepapers.com/Stellar-Whitepaper
Unus Sed Leo,https://www.allcryptowhitepapers.com/unus-sed-leo-whitepaper/
Huobi Token,https://www.allcryptowhitepapers.com/HuobiToken-Whitepaper
TRON,https://www.allcryptowhitepapers.com/TRON-Whitepaper
Dash,https://www.allcryptowhitepapers.com/Dash-Whitepaper
Ethereum Classic,https://www.allcryptowhitepapers.com/EthereumClassic-Whitepaper
Tezos,https://www.allcryptowhitepapers.com/Tezos-Whitepaper
IOTA,https://www.allcryptowhitepapers.com/IOTA-Whitepaper
ChainLink,https://www.allcryptowhitepapers.com/ChainLink-Whitepaper
NEO,https://www.allcryptowhitepapers.com/NEO-Whitepaper
Maker,https://www.allcryptowhitepapers.com/Maker-Whitepaper
Cosmos,https://www.allcryptowhitepapers.com/cosmos-whitepaper/
Ontology,https://www.allcryptowhitepapers.com/Ontology-Whitepaper
0chain,https://www.allcryptowhitepapers.com/0chain-Whitepaper/
0x,https://www.allcryptowhitepapers.com/0x-Whitepaper
0xBitcoin,https://www.allcryptowhitepapers.com/0xBitcoin-Whitepaper/
0xcert,https://www.allcryptowhitepapers.com/0xcert-Whitepaper/
12Ships,https://www.allcryptowhitepapers.com/12ships-whitepaper/
1irstcoin,https://www.allcryptowhitepapers.com/1irstcoin-whitepaper/
1SG,https://www.allcryptowhitepapers.com/1sg-whitepaper/
1World,https://www.allcryptowhitepapers.com/1World-Whitepaper
1x2 Coin,https://www.allcryptowhitepapers.com/1x2-coin-whitepaper/
2GIVE,https://www.allcryptowhitepapers.com/2GIVE-Whitepaper
300 Token,https://www.allcryptowhitepapers.com/300Token-Whitepaper
3DCoin,https://www.allcryptowhitepapers.com/3dcoin-whitepaper/
42-coin,https://www.allcryptowhitepapers.com/42-coin-Whitepaper
4New,https://www.allcryptowhitepapers.com/4NEW-Whitepaper/
808Coin,https://www.allcryptowhitepapers.com/808Coin-Whitepaper
8Bit,https://www.allcryptowhitepapers.com/8Bit-Whitepaper
AB-Chain RTB,https://www.allcryptowhitepapers.com/AB-Chain-RTB-Whitepaper/
ABCC Token,https://www.allcryptowhitepapers.com/ABCC-Token-Whitepaper/
Abjcoin,https://www.allcryptowhitepapers.com/Abjcoin-Whitepaper
Able,https://www.allcryptowhitepapers.com/ABLE-Whitepaper/
Absolute,https://www.allcryptowhitepapers.com/Absolute-whitepaper/
Abulaba,https://www.allcryptowhitepapers.com/Abulaba-Whitepaper/
AC3,https://www.allcryptowhitepapers.com/AC3-whitepaper/
Accelerator Network,https://www.allcryptowhitepapers.com/AcceleratorNetwork-Whitepaper
ACChain,https://www.allcryptowhitepapers.com/ACChain-Whitepaper
Ace,https://www.allcryptowhitepapers.com/Ace-Whitepaper
ACE (TokenStars),https://www.allcryptowhitepapers.com/ACE-(TokenStars)-Whitepaper/
AceD,https://www.allcryptowhitepapers.com/AceD-Whitepaper/
Aces,https://www.allcryptowhitepapers.com/Aces-Whitepaper
Achain,https://www.allcryptowhitepapers.com/Achain-Whitepaper
Acoin,https://www.allcryptowhitepapers.com/Acoin-Whitepaper
Acre,https://www.allcryptowhitepapers.com/ACRE-Whitepaper/
Actinium,https://www.allcryptowhitepapers.com/Actinium-Whitepaper/
Acute Angle Cloud,https://www.allcryptowhitepapers.com/AcuteAngleCloud-Whitepaper
Adamant Messenger,https://www.allcryptowhitepapers.com/adamant-messenger-whitepaper/
adbank,https://www.allcryptowhitepapers.com/adbank-Whitepaper
AdCoin,https://www.allcryptowhitepapers.com/AdCoin-Whitepaper
Adenz,https://www.allcryptowhitepapers.com/Adenz-Whitepaper/
AdEx,https://www.allcryptowhitepapers.com/AdEx-Whitepaper
AdHive,https://www.allcryptowhitepapers.com/AdHive-Whitepaper
Aditus,https://www.allcryptowhitepapers.com/aditus-whitepaper/
Adrenaline,https://www.allcryptowhitepapers.com/Adrenaline-Whitepaper/
AdShares,https://www.allcryptowhitepapers.com/AdShares-Whitepaper
adToken,https://www.allcryptowhitepapers.com/adToken-Whitepaper
AdultChain,https://www.allcryptowhitepapers.com/AdultChain-Whitepaper/
Advanced Internet Blocks,https://www.allcryptowhitepapers.com/AdvancedInternetBlocks-Whitepaper
Advanced Technology Coin,https://www.allcryptowhitepapers.com/Advanced-Technology-Coin-Whitepaper/
Adzcoin,https://www.allcryptowhitepapers.com/Adzcoin-Whitepaper
Aegeus,https://www.allcryptowhitepapers.com/Aegeus-Whitepaper/
aelf,https://www.allcryptowhitepapers.com/aelf-Whitepaper
AENCoin,https://www.allcryptowhitepapers.com/aencoin-whitepaper/
Aeon,https://www.allcryptowhitepapers.com/Aeon-Whitepaper
Aergo,https://www.allcryptowhitepapers.com/aergo-whitepaper/
Aerium,https://www.allcryptowhitepapers.com/Aerium-Whitepaper
Aeron,https://www.allcryptowhitepapers.com/Aeron-Whitepaper
Aeternity,https://www.allcryptowhitepapers.com/Aeternity-Whitepaper
AgaveCoin,https://www.allcryptowhitepapers.com/agavecoin-whitepaper/
Agrello,https://www.allcryptowhitepapers.com/Agrello-Whitepaper
Agrocoin,https://www.allcryptowhitepapers.com/agrocoin-whitepaper/
AgrolifeCoin,https://www.allcryptowhitepapers.com/AgrolifeCoin-Whitepaper
Agrolot,https://www.allcryptowhitepapers.com/Agrolot-Whitepaper/
AI Doctor,https://www.allcryptowhitepapers.com/AIDoctor-Whitepaper
AIChain,https://www.allcryptowhitepapers.com/AICHAIN-Whitepaper
AidCoin,https://www.allcryptowhitepapers.com/AidCoin-Whitepaper
Aidos Kuneen,https://www.allcryptowhitepapers.com/AidosKuneen-Whitepaper
Aidus,https://www.allcryptowhitepapers.com/aidus-whitepaper/
Aigang,https://www.allcryptowhitepapers.com/Aigang-Whitepaper
AiLink Token,https://www.allcryptowhitepapers.com/AiLink-Token-Whitepaper/
Aion,https://www.allcryptowhitepapers.com/Aion-Whitepaper
Airbloc,https://www.allcryptowhitepapers.com/Airbloc-Whitepaper/
Airline & Life Networking Token,https://www.allcryptowhitepapers.com/airline-life-networking-token-whitepaper/
AirSwap,https://www.allcryptowhitepapers.com/AirSwap-Whitepaper
AirToken,https://www.allcryptowhitepapers.com/AirToken-Whitepaper
AirWire,https://www.allcryptowhitepapers.com/AirWire-Whitepaper/
Aitheon,https://www.allcryptowhitepapers.com/aitheon-whitepaper/
Akroma,https://www.allcryptowhitepapers.com/Akroma-Whitepaper/
Akropolis,https://www.allcryptowhitepapers.com/akropolis-whitepaper/
Akuya Coin,https://www.allcryptowhitepapers.com/AkuyaCoin-Whitepaper
Aladdin,https://www.allcryptowhitepapers.com/aladdin-whitepaper/
ALAX,https://www.allcryptowhitepapers.com/ALAX-Whitepaper/
Albos,https://www.allcryptowhitepapers.com/albos-whitepaper/
Alchemint Standards,https://www.allcryptowhitepapers.com/Alchemint-Standards-Whitepaper/
Algorand,https://www.allcryptowhitepapers.com/algorand-whitepaper/
Alibabacoin,https://www.allcryptowhitepapers.com/Alibabacoin-Whitepaper/
ALIS,https://www.allcryptowhitepapers.com/ALIS-Whitepaper
All Sports,https://www.allcryptowhitepapers.com/AllSports-Whitepaper
AllCoin,https://www.allcryptowhitepapers.com/ALLCOIN-Whitepaper/
Allion,https://www.allcryptowhitepapers.com/Allion-Whitepaper
AllSafe,https://www.allcryptowhitepapers.com/AllSafe-Whitepaper
Alluva,https://www.allcryptowhitepapers.com/alluva-whitepaper/
Almeela,https://www.allcryptowhitepapers.com/almeela-whitepaper/
AlpaCoin,https://www.allcryptowhitepapers.com/AlpaCoin-Whitepaper
Alpha Coin,https://www.allcryptowhitepapers.com/Alpha-Coin-whitepaper/
Alpha Token,https://www.allcryptowhitepapers.com/alpha-token-whitepaper/
Alphabit,https://www.allcryptowhitepapers.com/Alphabit-Whitepaper
Alphacat,https://www.allcryptowhitepapers.com/Alphacat-Whitepaper
Alphacoin,https://www.allcryptowhitepapers.com/alphacon-whitepaper/
ALQO,https://www.allcryptowhitepapers.com/ALQO-Whitepaper
Altcoin,https://www.allcryptowhitepapers.com/Altcoin-Whitepaper
Altte,https://www.allcryptowhitepapers.com/Altte-Whitepaper/
Amark,https://www.allcryptowhitepapers.com/amark-whitepaper/
AmberCoin,https://www.allcryptowhitepapers.com/AmberCoin-Whitepaper
Ambrosus,https://www.allcryptowhitepapers.com/Ambrosus-Whitepaper
Amino Network,https://www.allcryptowhitepapers.com/amino-network-whitepaper/
AMLT Token,https://www.allcryptowhitepapers.com/AMLTToken-Whitepaper
Ammo Reloaded,https://www.allcryptowhitepapers.com/AmmoReloaded-Whitepaper
AMO Coin,https://www.allcryptowhitepapers.com/AMO-Coin-Whitepaper/
Amon,https://www.allcryptowhitepapers.com/amon-whitepaper/
Amond,https://www.allcryptowhitepapers.com/amond-whitepaper/
Amoveo,https://www.allcryptowhitepapers.com/amoveo-whitepaper/
Ampleforth,https://www.allcryptowhitepapers.com/ampleforth-whitepaper/
AmsterdamCoin,https://www.allcryptowhitepapers.com/AmsterdamCoin-Whitepaper
AnarchistsPrime,https://www.allcryptowhitepapers.com/AnarchistsPrime-Whitepaper
Animation Vision Cash,https://www.allcryptowhitepapers.com/AnimationVisionCash-Whitepaper
Animecoin,https://www.allcryptowhitepapers.com/Animecoin-Whitepaper
Ankr,https://www.allcryptowhitepapers.com/ankr-network-whitepaper/
ANON,https://www.allcryptowhitepapers.com/ANON-Whitepaper/
Anoncoin,https://www.allcryptowhitepapers.com/Anoncoin-Whitepaper
Anryze,https://www.allcryptowhitepapers.com/ANRYZE-Whitepaper
Antimatter,https://www.allcryptowhitepapers.com/Antimatter-Whitepaper
Apex,https://www.allcryptowhitepapers.com/Apex-Whitepaper
Aphelion,https://www.allcryptowhitepapers.com/Aphelion-whitepaper/
APIS,https://www.allcryptowhitepapers.com/APIS-Whitepaper/
Apollo Currency,https://www.allcryptowhitepapers.com/Apollo-Currency-Whitepaper/
Apollon,https://www.allcryptowhitepapers.com/Apollon-Whitepaper/
APOT,https://www.allcryptowhitepapers.com/APOT-whitepaper/
AppCoins,https://www.allcryptowhitepapers.com/AppCoins-Whitepaper
APR Coin,https://www.allcryptowhitepapers.com/APR-Coin-Whitepaper/
APRCoin,https://www.allcryptowhitepapers.com/APR-coin-whitepaper/
APX,https://www.allcryptowhitepapers.com/APX-Whitepaper
AquariusCoin,https://www.allcryptowhitepapers.com/AquariusCoin-Whitepaper
Aragon,https://www.allcryptowhitepapers.com/Aragon-Whitepaper
Araw,https://www.allcryptowhitepapers.com/araw-whitepaper/
Arbidex,https://www.allcryptowhitepapers.com/Arbidex-Whitepaper/
ARbit,https://www.allcryptowhitepapers.com/ARbit-Whitepaper
Arbitracoin,https://www.allcryptowhitepapers.com/Arbitracoin-Whitepaper
Arbitrage,https://www.allcryptowhitepapers.com/ARBITRAGE-Whitepaper/
ArbitrageCT,https://www.allcryptowhitepapers.com/ArbitrageCT-Whitepaper
Arcblock,https://www.allcryptowhitepapers.com/Arcblock-Whitepaper
Archetypal Network,https://www.allcryptowhitepapers.com/Archetypal-Network-Whitepaper/
ArcticCoin,https://www.allcryptowhitepapers.com/ArcticCoin-Whitepaper
Ardor,https://www.allcryptowhitepapers.com/Ardor-Whitepaper
Arepacoin,https://www.allcryptowhitepapers.com/Arepacoin-Whitepaper/
Argentum,https://www.allcryptowhitepapers.com/Argentum-Whitepaper
Argus,https://www.allcryptowhitepapers.com/Argus-Whitepaper
Aricoin,https://www.allcryptowhitepapers.com/Aricoin-Whitepaper
Arion,https://www.allcryptowhitepapers.com/Arion-Whitepaper/
Arionum,https://www.allcryptowhitepapers.com/Arionum-Whitepaper/
Ark,https://www.allcryptowhitepapers.com/Ark-Whitepaper
ARLIZE,https://www.allcryptowhitepapers.com/ARLIZE-Whitepaper/
ARPA Chain,https://www.allcryptowhitepapers.com/arpa-chain-whitepaper/
Arqma,https://www.allcryptowhitepapers.com/arqma-whitepaper/
ArtByte,https://www.allcryptowhitepapers.com/ArtByte-Whitepaper
Artex Coin,https://www.allcryptowhitepapers.com/ArtexCoin-Whitepaper
Aryacoin,https://www.allcryptowhitepapers.com/aryacoin-whitepaper/
Asch,https://www.allcryptowhitepapers.com/Asch-Whitepaper
Aseancoin,https://www.allcryptowhitepapers.com/Aseancoin-Whitepaper
Asgard,https://www.allcryptowhitepapers.com/asgard-whitepaper/
AsiaCoin,https://www.allcryptowhitepapers.com/AsiaCoin-Whitepaper
Asiadigicoin,https://www.allcryptowhitepapers.com/Asiadigicoin-Whitepaper
Asian Dragon,https://www.allcryptowhitepapers.com/asian-dragon-whitepaper/
Asian Fintech,https://www.allcryptowhitepapers.com/asian-fintech-whitepaper/
Aston,https://www.allcryptowhitepapers.com/Aston-whitepaper/
Astro,https://www.allcryptowhitepapers.com/Astro-Whitepaper
ATBCoin,https://www.allcryptowhitepapers.com/ATBCoin-Whitepaper
ATC Coin,https://www.allcryptowhitepapers.com/ATC-Coin-Whitepaper/
Atheios,https://www.allcryptowhitepapers.com/Atheios-Whitepaper/
Atidium,https://www.allcryptowhitepapers.com/Atidium-whitepaper/
ATLANT,https://www.allcryptowhitepapers.com/ATLANT-Whitepaper
Atlantis Blue Digital Token,https://www.allcryptowhitepapers.com/Atlantis-Blue-Digital-Token-Whitepaper/
Atlas Protocol,https://www.allcryptowhitepapers.com/atlas-protocol-whitepaper/
Atlas Token,https://www.allcryptowhitepapers.com/atlas-token-whitepaper/
ATMChain,https://www.allcryptowhitepapers.com/ATMChain-Whitepaper
ATMCoin,https://www.allcryptowhitepapers.com/ATMCoin-Whitepaper
Atmos,https://www.allcryptowhitepapers.com/Atmos-Whitepaper
ATN,https://www.allcryptowhitepapers.com/ATN-Whitepaper
