coin_name,link
Bitcoin,https://www.allcryptowhitepapers.com/wp-content/uploads/2018/05/bitcoin-whitepaper.pdf
Ethereum,https://www.allcryptowhitepapers.com/wp-content/uploads/2018/05/Ethereum-Whitepaper.pdf
Ripple - XRP,https://www.allcryptowhitepapers.com/wp-content/uploads/2018/05/ripple-consensus-whitepaper.pdf
Bitcoin Cash,https://www.allcryptowhitepapers.com/wp-content/uploads/2018/05/bitcoin-cash-whitepaper.pdf
Litecoin,
Tether,https://www.allcryptowhitepapers.com/wp-content/uploads/2018/05/TetherWhitePaper.pdf
EOS,https://www.allcryptowhitepapers.com/wp-content/uploads/2018/05/EOS-.pdf
Binance Coin,
Bitcoin Cash SV,https://www.allcryptowhitepapers.com/wp-content/uploads/2018/11/Bitcoin-SV-Whitepaper.pdf
Monero,https://www.allcryptowhitepapers.com/wp-content/uploads/2018/05/monero-whitepaper.pdf
Cardano,https://www.allcryptowhitepapers.com/wp-content/uploads/2018/05/cardano-Whitepaper.pdf
Stellar,https://www.allcryptowhitepapers.com/wp-content/uploads/2018/05/stellar-whitepaper.pdf
Unus Sed Leo,https://www.allcryptowhitepapers.com/wp-content/uploads/2019/05/Bitfinex-Whitepaper-Leo-Token.pdf
Huobi Token,https://www.allcryptowhitepapers.com/wp-content/uploads/2018/05/Huobi-Pool-Token.pdf
TRON,https://www.allcryptowhitepapers.com/wp-content/uploads/2018/05/white_paper_v_2_0.pdf
Dash,
Ethereum Classic,https://www.allcryptowhitepapers.com/wp-content/uploads/2018/05/ethereum-classic-whitepaper.pdf
Tezos,https://www.allcryptowhitepapers.com/wp-content/uploads/2018/05/white_paper-2dc8c02267a8fb86bd67a108199441bf.pdf
IOTA,https://www.allcryptowhitepapers.com/wp-content/uploads/2018/05/iota-whitepaper.pdf
ChainLink,https://www.allcryptowhitepapers.com/wp-content/uploads/2018/05/ChainLink.pdf
NEO,
Maker,https://www.allcryptowhitepapers.com/wp-content/uploads/2018/05/Maker-Dao-Whitepaper.pdf
Cosmos,https://www.allcryptowhitepapers.com/wp-content/uploads/2019/03/Cosmos.pdf
Ontology,https://www.allcryptowhitepapers.com/wp-content/uploads/2018/05/Ontology-white-paper.pdf
0chain,https://www.allcryptowhitepapers.com/wp-content/uploads/2018/11/0Chain-Whitepaper-Aug-4-2019.pdf
0x,https://www.allcryptowhitepapers.com/wp-content/uploads/2018/05/0x_white_paper.pdf
0xBitcoin,
0xcert,
12Ships,https://www.allcryptowhitepapers.com/wp-content/uploads/2019/08/12Ships-whitepaper_en.pdf
1irstcoin,https://www.allcryptowhitepapers.com/wp-content/uploads/2019/04/1irstcoin.pdf
1SG,
1World,https://www.allcryptowhitepapers.com/wp-content/uploads/2018/05/1World-Whitepaper-.pdf
1x2 Coin,
2GIVE,
300 Token,
3DCoin,
42-coin,
4New,
808Coin,
8Bit,
AB-Chain RTB,
ABCC Token,https://www.allcryptowhitepapers.com/wp-content/uploads/2018/11/ABCC.pdf
0x,https://www.allcryptowhitepapers.com/wp-content/uploads/2018/05/0x_white_paper.pdf
0xBitcoin,
0xcert,
12Ships,https://www.allcryptowhitepapers.com/wp-content/uploads/2019/08/12Ships-whitepaper_en.pdf
1irstcoin,https://www.allcryptowhitepapers.com/wp-content/uploads/2019/04/1irstcoin.pdf
1SG,
1World,https://www.allcryptowhitepapers.com/wp-content/uploads/2018/05/1World-Whitepaper-.pdf
1x2 Coin,
2GIVE,
